{"cameraMode":{"drawMode":0,"name":"Shaded","section":"Shading Mode"},"sceneLighting":false,"audioPlay":false,"sceneViewState":{"m_AlwaysRefresh":false,"showFog":true,"showSkybox":false,"showFlares":true,"showImageEffects":true,"showParticleSystems":true,"showVisualEffectGraphs":true,"m_FxEnabled":true},"in2DMode":false,"pivot":{"x":0.32375192642211916,"y":5.19090461730957,"z":0.27581167221069338},"rotation":{"x":0.05442122370004654,"y":0.1535363495349884,"z":-0.00786685012280941,"w":0.986809253692627},"size":39.233665466308597,"orthographic":false}